{
	"info": {
		"_postman_id": "11306c86-a8a5-4bd8-a25c-3cdf371f2784",
		"name": "api-tasks",
		"schema": "https://schema.getpostman.com/json/collection/v2.1.0/collection.json"
	},
	"item": [
		{
			"name": "Post",
			"request": {
				"method": "POST",
				"header": [],
				"body": {
					"mode": "raw",
					"raw": "{\r\n    \"description\": \"programar aplcacion X\",\r\n    \"isDone\": false\r\n}",
					"options": {
						"raw": {
							"language": "json"
						}
					}
				},
				"url": {
					"raw": "{{endpoint}}/api/v1/task",
					"host": [
						"{{endpoint}}"
					],
					"path": [
						"api",
						"v1",
						"task"
					]
				}
			},
			"response": []
		},
		{
			"name": "Get All",
			"request": {
				"method": "GET",
				"header": [],
				"url": {
					"raw": "{{endpoint}}/api/v1/task",
					"host": [
						"{{endpoint}}"
					],
					"path": [
						"api",
						"v1",
						"task"
					]
				}
			},
			"response": []
		},
		{
			"name": "Get One",
			"request": {
				"method": "GET",
				"header": [],
				"url": {
					"raw": "{{endpoint}}/api/v1/task/3d3f8f9a-6daf-42fe-89f9-992cad373892",
					"host": [
						"{{endpoint}}"
					],
					"path": [
						"api",
						"v1",
						"task",
						"3d3f8f9a-6daf-42fe-89f9-992cad373892"
					]
				}
			},
			"response": []
		},
		{
			"name": "Delete",
			"request": {
				"method": "DELETE",
				"header": [],
				"url": {
					"raw": "{{endpoint}}/api/v1/task/ee01be4f-2f83-4066-a05b-2aa03ab3dce1",
					"host": [
						"{{endpoint}}"
					],
					"path": [
						"api",
						"v1",
						"task",
						"ee01be4f-2f83-4066-a05b-2aa03ab3dce1"
					]
				}
			},
			"response": []
		},
		{
			"name": "Update",
			"request": {
				"method": "PUT",
				"header": [],
				"body": {
					"mode": "raw",
					"raw": "{\r\n    \"description\": \"ir al super\",\r\n    \"isDone\": true\r\n}",
					"options": {
						"raw": {
							"language": "json"
						}
					}
				},
				"url": {
					"raw": "{{endpoint}}/api/v1/task/4d1e9d1b-feaf-4d39-9a7f-ad0c96530185",
					"host": [
						"{{endpoint}}"
					],
					"path": [
						"api",
						"v1",
						"task",
						"4d1e9d1b-feaf-4d39-9a7f-ad0c96530185"
					]
				}
			},
			"response": []
		}
	]
}