{
	"id": "614ffa38-2d68-407c-8231-b94f4c0a9ca8",
	"name": "Env - Api Task",
	"values": [
		{
			"key": "endpoint",
			"value": "localhost:3000",
			"enabled": true
		},
		{
			"key": "token",
			"value": "eyJhbGciOiJIUzI1NiIsInR5cCI6IkpXVCJ9.eyJ1c2VybmFtZSI6InRlc3QiLCJzdWIiOiI2MGRmYjA0N2M4MzVjNzY2YTAyZDQ5N2UiLCJpYXQiOjE2MjYxMTM3MzYsImV4cCI6MTYyODcwNTczNiwiYXVkIjoiaHR0cHM6Ly9zdXBlcmZsaWdodHMuY29tIn0.GhfKufbelniTXJnEeu1HFEDvrna5iktKITzxui5y55A",
			"enabled": true
		},
		{
			"key": "version",
			"value": "v2",
			"enabled": true
		}
	],
	"_postman_variable_scope": "environment",
	"_postman_exported_at": "2021-07-12T23:59:03.646Z",
	"_postman_exported_using": "Postman/8.7.0"
}